{"cameraMode":{"drawMode":0,"name":"Shaded","section":"Shading Mode"},"sceneLighting":false,"audioPlay":false,"sceneViewState":{"showFog":true,"showMaterialUpdate":false,"showSkybox":false,"showFlares":true,"showImageEffects":true,"showParticleSystems":true},"in2DMode":false,"pivot":{"x":-0.43976736068725588,"y":5.987690448760986,"z":0.3735923767089844},"rotation":{"x":0.2127716839313507,"y":-0.579093873500824,"z":0.1598949432373047,"w":0.7706069946289063},"size":11.688332557678223,"orthographic":false}