{"cameraMode":{"drawMode":0,"name":"Shaded","section":"Shading Mode"},"sceneLighting":false,"audioPlay":false,"sceneViewState":{"showFog":true,"showMaterialUpdate":false,"showSkybox":false,"showFlares":true,"showImageEffects":true,"showParticleSystems":true},"in2DMode":false,"pivot":{"x":0.0,"y":0.010000228881835938,"z":-1.6177325248718262},"rotation":{"x":0.09527312964200974,"y":-0.7795285582542419,"z":0.6068713665008545,"w":0.12236893177032471},"size":17.081212997436525,"orthographic":false}