{"cameraMode":{"drawMode":0,"name":"Shaded","section":"Shading Mode"},"sceneLighting":false,"audioPlay":false,"sceneViewState":{"showFog":true,"showMaterialUpdate":false,"showSkybox":false,"showFlares":true,"showImageEffects":true,"showParticleSystems":true},"in2DMode":false,"pivot":{"x":1.930829405784607,"y":0.8473623991012573,"z":-7.226388454437256},"rotation":{"x":-0.05589129403233528,"y":0.12996478378772736,"z":-0.007322081830352545,"w":-0.9899278879165649},"size":0.000017320508050033823,"orthographic":false}