{"cameraMode":{"drawMode":0,"name":"Shaded","section":"Shading Mode"},"sceneLighting":true,"audioPlay":false,"sceneViewState":{"showFog":true,"showMaterialUpdate":false,"showSkybox":true,"showFlares":true,"showImageEffects":true,"showParticleSystems":true},"in2DMode":false,"pivot":{"x":-134.5047607421875,"y":230.74063110351563,"z":-188.7393341064453},"rotation":{"x":-0.19786317646503449,"y":-0.36010706424713137,"z":0.07848744839429856,"w":-0.9083169102668762},"size":0.8592405915260315,"orthographic":false}